{"accuracy": 1.0, "feature_importance": {"#OTU ID": 0.0009709771430431857, "AG1": 6.560091340087243e-05, "AG2": 0.0009841740345700595, "AG3": 0.000185428136501372, "AG4": 0.0011233221209305943, "AG5": 0.00014475174575653705, "Controlgroup1": 0.984686655398564, "Controlgroup2": 3.3934907162811366e-05, "Controlgroup3": 0.0005288858381148097, "Controlgroup4": 8.788844245657321e-05, "Controlgroup5": 0.00131414922745861, "Modelgroup1": 0.0006419709802918936, "Modelgroup2": 0.00046428018988634083, "Modelgroup3": 0.00015605827842118724, "Modelgroup4": 0.00018750723651994147, "Modelgroup5": 0.0012505516837996414, "P371": 0.00041979474894371697, "P372": 0.0005793581908136851, "P373": 0.000688632341380701, "P374": 7.487801483690496e-05, "P375": 0.0001700543093943475, "P551": 0.001086532560680329, "P552": 0.0005120588942065177, "P553": 0.0002785790800566447, "P554": 0.0004892527280378366, "P555": 0.00014799440358669348, "P851": 0.00022852731524112022, "P852": 0.00042730967937206095, "P853": 0.0003987839620562435, "P854": 0.00031765458415943936, "P855": 0.0013544529103553314}, "roc_auc": 1.0}