{
    "Random Forest": {
        "accuracy": 1.0,
        "roc_auc": 1.0,
        "confusion_matrix": [
            [
                103,
                0
            ],
            [
                0,
                2401
            ]
        ]
    },
    "XGBoost": {
        "accuracy": 1.0,
        "roc_auc": 1.0,
        "confusion_matrix": [
            [
                103,
                0
            ],
            [
                0,
                2401
            ]
        ]
    },
    "SVM": {
        "accuracy": 0.9588658146964856,
        "roc_auc": 0.9694342567619478,
        "confusion_matrix": [
            [
                0,
                103
            ],
            [
                0,
                2401
            ]
        ]
    },
    "Logistic Regression": {
        "accuracy": 0.9992012779552716,
        "roc_auc": 1.0,
        "confusion_matrix": [
            [
                101,
                2
            ],
            [
                0,
                2401
            ]
        ]
    }
}